Class,Best Wavelength (nm),Reflectance
actinic_keratosis,510,0.9699098521619943
bcc,590,0.9695846277645586
dermatofibroma,470,0.9868869366005173
melanoma,590,0.9296976523425731
nevus,700,0.9856504541106007
pigmented_benign_keratosis,630,0.9367299887367345
scc,460,0.9004180571633305
seborrheic_keratosis,490,0.9730105547524456
vascular_lesion,530,0.9900538501042633
